title,type,price,lastUpdated,availableText,itemLocation
XIYUER Women's down jacket Short 90% duck down jacket 2024 high-end new models,Coat,229,"Oct 16, 2024 09:26:58 PDT",10 available,0
Reebok Men's Softshell Jacket,N/A,40,"Oct 16, 2024 09:26:58 PDT",5 available,"Hurst, Texas, United States"
Mens Fleece Jacket Soft Plush Zip Up Fall Winter Outdoor Casual work - Black,Jacket,14.99,"Oct 16, 2024 12:16:32 PDT",4 available,"Alviso, California, United States"
Men's Casual Padded Jacket Winter Warm Hooded Soft Comfort Coat Thick Jacket Top,Jacket,35.83,"Oct 17, 2024 18:11:06 PDT",3 available30 sold,0
Men's Casual Padded Jacket Winter Warm Hooded Soft Comfort Coat Thick Jacket Top,Jacket,35.83,"Oct 17, 2024 18:11:06 PDT",Last one8 sold,0
Warm Mens Casual Padded Hooded Jacket Winter Soft Comfort Coat Thick Jacket,Jacket,35,"Oct 18, 2024 20:02:23 PDT",Last one39 sold,0
Men Winter Warm Thick Fleece Jacket Men Coat Outwear Outdoor Jacket Men,Coat,32.64,"Oct 17, 2024 18:54:55 PDT",10 available7 sold,0
Men's Waterproof Winter Jacket Warm Winter Coat Outdoor Ski Snow Hooded Jacket,Jacket,32.75,"Oct 13, 2024 13:30:10 PDT",6 available19 sold,0
Men's Casual Padded Jacket Winter Warm Hooded Soft Comfort Coat Thick Jacket Top,Jacket,29.36,"Oct 16, 2024 23:31:18 PDT",2 available22 sold,0
Parka Ski Men Thick Winter Puffer Jacket Hooded Quilted Duck Snow Coat Warm Down,Coat,6.64,"Oct 17, 2024 08:57:04 PDT",50 available40 sold,0
"Winter Men Warm Duck Down Jacket Ski Snow Thick Hooded Puffer Coat Parka Quilte,",Coat,11.42,"Oct 17, 2024 16:45:43 PDT",3 available14 sold,0
Men's Winter Jacket Thick Thermal Cotton Warm Fleece Lined Coat Trucker Jackets,Coat,39.52,0,Last one4 sold,0
Vintage 80s 90s Drescente Winter Ski Bomber Jacket Men’s Size M - Perfect!,Jacket,149.99,0,0,"Brooklyn, New York, United States"
Tom Cruise Maverick Military Pilot G-1 Fur Collar Bomber Aviator Leather Jacket,Jacket,135.99,"Oct 06, 2024 12:13:53 PDT",2 available,0
Billabong Ski 8K Winter Jacket Womens M Hooded Lined Black Multicolor Print,Jacket,50,0,0,"Baytown, Texas, United States"
Kjus quilted exceptional women's black white ski jacket sz 38,Jacket,590,"Jan 17, 2024 06:28:15 PST",0,"New York, New York, United States"
"New Carhartt Mens Thermal Lined Duck Active Jacket Coat Winter J131, CT106678",Jacket,95.95,"Oct 17, 2024 10:19:24 PDT",2 available50 sold,"Madison, Wisconsin, United States"
Mens Casual Padded Jacket Winter Warm Hooded Soft Comfort Coat Thick Jacket,Jacket,40.89,"Sep 19, 2024 22:42:13 PDT",Last one18 sold,0
Men's Fleece Lined Coat Winter Jacket Thick Thermal Cotton Warm Trucker Jackets,Coat,38.94,"Oct 18, 2024 19:20:02 PDT",2 available11 sold,0
Men's Winter Jacket Casual Waterproof Windbreaker Men's Coat,Jacket,25.99,"Oct 18, 2024 17:46:35 PDT",5 available32 sold,"Naperville, Illinois, United States"
Men's Plaid Flannel Shirts Jacket Fully Quilted Lined Thermal Winter Warm Coat,Coat,9.95,"Oct 18, 2024 20:03:48 PDT",5 available34 sold,0
Mens Winter Thermal Duck Jacket Coat Sandstone Jacket Canvas Quilted Waterproof,Jacket,52.88,"Oct 15, 2024 22:54:48 PDT","More than 10 available5,894 sold","New York, New York, United States"
Heated Coat Unisex Winter Electric USB 11 Areas Heating Jacket,Jacket,29.99,"Oct 18, 2024 05:35:55 PDT",5 available159 sold,"Lexington, Kentucky, United States"
Lacoste Bomber Jacket Mens Size XL Black Full Zip Lined Outdoor Classic,Jacket,44.99,"Oct 18, 2024 06:34:37 PDT",0,"Chesterfield, United Kingdom"
SNAP ON TOOLS 2024 RA HOODED JACKET INSULATED WINTER COAT ZIP UP BLACK NEW,Jacket,192.99,"Oct 15, 2024 21:46:31 PDT",3 available27 sold,"Peoria, Illinois, United States"
SNAP ON TOOLS HOODED JACKET INSULATED WINTER COAT ZIP UP 2022 GRAY NEW XL,Jacket,149.99,"Oct 10, 2024 20:57:18 PDT",Last one11 sold,"Peoria, Illinois, United States"
Christian Dior Men's vintage Gray stripe 1 button PEAK lapel tuxedo jacket 38 R,Jacket,69.99,"May 24, 2024 17:12:57 PDT",0,"Designer Clothing & More, USA., United States"
Eleven 11 Distressed Leather Jacket with Stingray Size L,Jacket,899.55,0,0,"Fort Worth, Texas, United States"
Men Sandstone Canvas Quilted Thermal Lined Duck Coat Winter Duck Jacket Work,Coat,52.88,"Oct 15, 2024 22:40:19 PDT","More than 10 available3,581 sold","New York, New York, United States"
XIYUER Women's down jacket 90% white duck down Medium to long fashion jacket,Coat,269,"Oct 15, 2024 09:33:36 PDT",10 available,0
Kid’s leather Jacket Premium Leather Material Kid’s Jacket & Unique Plain Design,Jacket,99.95,"Oct 09, 2024 01:10:28 PDT",3 available,"White Marsh, Maryland, United States"
Hoggs of Fife - Mens Waterproof Jacket Culloden Packable Mens coat,N/A,124.99,"Oct 18, 2024 21:17:35 PDT",Last one18 sold,"SWINDON, Wiltshire, United Kingdom"
Men Sandstone Canvas Quilted Thermal Lined Active Industrial Winter Duck Jacket,Duck Jacket,56.88,"Oct 15, 2024 22:46:12 PDT","More than 10 available2,769 sold","New York, New York, United States"
Indicode Men's Jacket Size M Hooded,Jacket,3,0,0,0
Indicode Men's Jacket Size S Denim Jacket Collared,Jacket,0.99,0,0,0
Richmond Denim Men's Jacket Size 48 Bomber Jacket Made in Italy,Jacket,0.99,0,0,0
fashion women jacket coat RONALD VAN DER KEMP ocelot leopard print jacket,Jacket,"1,200.00","Aug 10, 2024 13:55:07 PDT",0,"Inver Grove Heights, Minnesota, United States"
Men Winter Warm Duck Down Jacket Ski Snow Thick Hooded Puffer Coat Parka Quilted,Coat,25,"Oct 17, 2024 07:16:37 PDT",3 available2 sold,0
Mens Flannel Jacket Hoodie Heavy Sherpa Fleece Plaid With Hood Big And Tall,Jacket,56.99,"Oct 18, 2024 21:13:43 PDT",More than 10 available209 sold,"Fountain Valley, California, United States"
